year,city,lat,lon,period
2000,Hoofddorp,52.3061,4.6900,Queen's Day
2001,Meppel,52.6950,6.1940,Queen's Day
2002,Utrecht,52.0907,5.1214,Queen's Day
2003,Deventer,52.2661,6.1556,Queen's Day
2004,Delft,52.0116,4.3571,Queen's Day
2005,The Hague (Scheveningen),52.1040,4.2750,Queen's Day
2006,Zeewolde,52.3300,5.5417,Queen's Day
2007,Heerenveen,52.9590,5.9190,Queen's Day
2008,Makkum,53.0540,5.3980,Queen's Day
2009,Apeldoorn,52.2112,5.9699,Queen's Day
2010,Middelburg,51.4988,3.6100,Queen's Day
2011,Weert,51.2510,5.7050,Queen's Day
2012,Rhenen,51.9600,5.5690,Queen's Day
2013,Amsterdam,52.3676,4.9041,Transition
2014,Amstelveen,52.3105,4.7683,King's Day
2015,Dordrecht,51.8133,4.6901,King's Day
2016,Zwolle,52.5168,6.0830,King's Day
2017,Tilburg,51.5555,5.0913,King's Day
2018,Groningen,53.2194,6.5665,King's Day
2019,Amersfoort,52.1561,5.3878,King's Day
2021,Eindhoven,51.4416,5.4697,King's Day
2022,Maastricht,50.8514,5.6900,King's Day
2023,Rotterdam,51.9244,4.4777,King's Day
2024,Emmen,52.7850,6.8970,King's Day
2025,Doetinchem,51.9650,6.2880,King's Day
2026,Dokkum,53.3220,5.9980,King's Day
