province,city,market,lat,lon,weekday
Groningen,Appingedam,Zaterdagse Weekmarkt Appingedam,53.3203,6.8592,Saturday
Groningen,Delfzijl,Delfzijl,53.3337,6.9237,Wednesday
Groningen,Eenrum,Woensdagmarkt in Eenrum,53.3636,6.461,Wednesday
Groningen,Groningen,Grote Markt Vismarkt A Kerkhof,53.2188,6.5673,Tuesday/Friday/Saturday
Groningen,Groningen,Woensdagmarkt in Groningen,53.2191,6.568,Wednesday
Groningen,Groningen,Donderdag Vismarkt Grotemarkt,53.2191,6.568,Thursday
Groningen,Groningen,Zondagsmarkt in Groningen,53.2191,6.568,Sunday
Groningen,Groningen,Zondag Grote Markt,53.2188,6.5673,Sunday
Groningen,Groningen,Overwinningsplein,53.1983,6.5587,Wednesday
Groningen,Groningen,"Woensdagmarkt in Lewenborg, Groningen",53.2191,6.568,Wednesday
Groningen,Groningen,Reitdiephaven,53.2375,6.5223,Wednesday
Groningen,Groningen,Woensdagmiddagmarkt in de Korrewegwijk,53.2313,6.5694,Wednesday
Groningen,Groningen,Beijum,53.2461,6.5879,Thursday
Groningen,Groningen,Donderdagmiddagmarkt in Hoogkerk (Groningen),53.2191,6.568,Thursday
Groningen,Groningen,Vinkhuizen,53.2267,6.5274,Thursday
Groningen,Hoogezand,Zaterdagmarkt Hoogezand,53.1637,6.7567,Saturday
Groningen,Leek,Leek,53.1641,6.3892,Thursday
Groningen,Loppersum,Loppersum,53.332,6.747,Friday
Groningen,Middelstum,Woensdagse Weekmarkt Middelstum: Gezelligheid op het Concordiaplein,53.3474,6.6419,Wednesday
Groningen,Sellingen,Sellingen,52.9468,7.1473,Tuesday
Groningen,Stadskanaal,Stadskanaal,52.9926,6.9624,Saturday
Groningen,Ter Apel,Ter Apel,52.8824,7.0393,Thursday
Groningen,Uithuizen,Zaterdagmarkt in Uithuizen,53.4096,6.6747,Saturday
Groningen,Veendam,Veendam,53.1069,6.8763,Monday
Groningen,Winsum,Dinsdagmarkt in Winsum,53.3284,6.5164,Tuesday
Groningen,Zuidbroek,Vrijdagmarkt Zuidbroek: Gezelligheid aan ’t Wotter,53.1656,6.8625,Friday
Friesland,Balk,Vrijdagmiddag Markt in Balk,52.8989,5.583,
Friesland,Buitenpost,Donderdagmarkt in Buitenpost aan de Kerkstraat!,53.254,6.1442,Thursday
Friesland,Damwoude,Proef de Donderdagochtend Markt in Damwoude,53.2903,5.9993,
Friesland,Franeker,Franeker,53.1867,5.5402,Wednesday
Friesland,Gytsjerk,Besterdplein,53.2422,5.8905,Wednesday
Friesland,Harlingen,Harlingen,53.1746,5.4215,Wednesday/Saturday
Friesland,Heerenveen,Zaterdagmarkt in Heerenveen,52.9985,5.9231,Saturday
Friesland,Joure,markt in Joure,52.9644,5.8027,Wednesday
Friesland,Kollum,Kollum,53.2827,6.1533,Thursday
Friesland,Leeuwarden,Leeuwarden,53.2006,5.7919,Monday/Wednesday/Thursday/Friday/Saturday
Friesland,Makkum,Makkum,53.0581,5.4024,Wednesday
Friesland,Sneek,Sneek,53.0311,5.6611,Tuesday/Saturday
Friesland,Stiens,Dinsdagmarkt Stiens: Gezelligheid op de Parkeerplaats bij Langebuorren,53.2608,5.7642,Tuesday
Friesland,Wolvega,Wolvega,52.8766,6.0006,Wednesday
Drenthe,Assen,"Zaterdagmarkt in Geitenkamp, Arnhem",52.9952,6.5605,Saturday
Drenthe,Beilen,Beilen,52.859,6.5122,Thursday
Drenthe,Borger Odoorn,Borger Odoorn,52.9069,6.9159,Tuesday
Drenthe,Dwingelo,Dwingelo,52.8326,6.3682,Tuesday
Drenthe,De Wijk,De Wijk,52.6729,6.3,Friday
Drenthe,Emmen,Proef de Sfeer op de Weekmarkt in Vlissingen!,52.7529,6.9525,Saturday
Drenthe,Hoogeveen,Hoogeveen,52.7255,6.4775,Thursday/Saturday
Drenthe,Koekange,Koekange,52.7041,6.3125,Friday
Drenthe,Meppel,Meppel,52.7117,6.1933,Thursday/Saturday
Drenthe,Norg,Norg,53.0672,6.4609,Wednesday
Drenthe,Peize,Peize,53.1484,6.4978,Thursday
Drenthe,Roden,Roden,53.1364,6.4315,Friday
Drenthe,Ruinen,Dinsdagmarkt in Delft,52.7642,6.36,Tuesday
Drenthe,Rolde,Vrijdagmarkt in Rolde aan de Kleine Brink!,52.9844,6.6487,Friday
Drenthe,Smilde,Vrijdagmarkt Smilde: Wekelijkse Gezelligheid op Stuurboord,52.9481,6.4532,Friday
Drenthe,Tynaarlo,Tynaarlo,53.077,6.6175,Tuesday
Drenthe,Vledder,Vledder,52.8579,6.2072,Thursday
Drenthe,Vries,Vries,53.0781,6.5805,Thursday
Drenthe,Westerbork,Westerbork,52.8499,6.6067,Friday
Drenthe,Zuidlaren,Zuidlaren,53.0929,6.6862,Friday
Drenthe,Zuidwolde,Zuidwolde,52.677,6.4289,
Overijssel,Almelo,"Donderdagmarkt in De Rijp, Alkmaar!",52.3564,6.6636,Thursday
Overijssel,Almelo,Woensdagse Marktpracht in Almere Stad,52.3564,6.6636,Wednesday
Overijssel,Bathmen,Colmschate,52.2502,6.2845,Thursday
Overijssel,Deventer,Beestenmarkt,52.2572,6.164,Tuesday
Overijssel,Deventer,Keizerslanden,52.269,6.1656,Wednesday
Overijssel,Deventer,Brink,52.2525,6.1605,Friday-Saturday
Overijssel,Deventer,Zuidwest,52.2695,6.2365,Tuesday
Overijssel,Dedemsvaart,Woensdagmarkt in Dedemsvaart,52.6001,6.4562,Wednesday
Overijssel,Goor,Vrijdagmarkt in Goor,52.2338,6.585,Friday
Overijssel,Glanerbrug,Glanerbrug,52.2187,6.9741,Wednesday
Overijssel,Hengelo,Hengelo,52.265,6.7928,Wednesday/Saturday
Overijssel,Haaksbergen,Botermarkt,52.1565,6.7402,Saturday
Overijssel,Ijhorst,Ijhorst,52.6549,6.2914,Saturday
Overijssel,Ijsselmuiden,Vrijdagmiddagmarkt IJsselmuiden: Gezelligheid op het Markeresplein,52.5657,5.9292,Friday
Overijssel,Langeveen,Langeveen,52.469,6.7143,Thursday
Overijssel,Nijverdal,Zaterdagmarkt in Nijverdal,52.3592,6.4654,Saturday
Overijssel,Ommen,Ommen,52.5189,6.4242,Tuesday
Overijssel,Overdinkel,Woensdagmarkt Overdinkel: Gezelligheid en Verse Producten,52.2351,7.0368,Wednesday
Overijssel,Steenwijk,Steenwijk,52.7868,6.1165,Saturday
Overijssel,Schalkhaar,Schalkhaar,52.264,6.2074,Thursday
Overijssel,Vriezenveen,Vriezenveen,52.4061,6.6195,Wednesday
Overijssel,Vollenhove,Vollenhove,52.6822,5.9631,Tuesday
Overijssel,Westerhaar,Westerhaar,52.4601,6.6194,Friday
Overijssel,Zwolle,Westenholte,52.5222,6.0488,Friday
Overijssel,Zwolle,Stadshagen,52.5311,6.0534,Thursday
Overijssel,Zwolle,Centrum,52.5159,6.1046,Friday
Overijssel,Zwolle,Aa Landen De Dobbe,52.5293,6.1021,Tuesday
Overijssel,Zwolle,Gezelligheid van de Biesbos Markt in Zwijndrecht!,52.509,6.0944,Thursday
Overijssel,Zwartsluis,Markt Oudeland in Zwijndrecht!,52.6425,6.0721,Tuesday
Gelderland,Arnhem,weekmarkt in het centrum van Arnhem,51.9843,5.9109,Friday-Saturday
Gelderland,Arnhem,"Woensdagmarkt in Malburgen, Arnhem",51.9843,5.9109,
Gelderland,Apeldoorn,Warenmarkt van Apeldoorn – Een Maandagse Traditie,52.1796,5.9301,
Gelderland,Apeldoorn,Warenmarkt De Maten,52.1796,5.9301,Tuesday
Gelderland,Apeldoorn,"Gezelligheid van de Woensdagse Warenmarkt in Winkelcentrum ’t Fort, Apeldoorn",52.1796,5.9301,
Gelderland,Apeldoorn,Biologische Markt in Apeldoorn,52.1796,5.9301,Thursday
Gelderland,Apeldoorn,Gezelligheid van Warenmarkt Zevenhuizen in Apeldoorn,52.1796,5.9301,Thursday
Gelderland,Apeldoorn,Charme van Apeldoorn-Zuid’s Warenmarkt op Schubertplein Elke Vrijdag,52.1901,5.9659,Friday
Gelderland,Apeldoorn,Warenmarkt Marktplein in Apeldoorn,52.1796,5.9301,Saturday
Gelderland,Almen,Dinsdagmarkt Almen: Mini-Markt bij de Kerk,52.1573,6.3035,Tuesday
Gelderland,Beneden Leeuwen,Beneden Leeuwen,51.881,5.5231,Friday
Gelderland,Bemmel,Donderdagmarkt Bemmel: Een Middag van Levendigheid op de Markt,51.8915,5.8985,Thursday
Gelderland,Bennekom,Bennekom,51.9986,5.6764,Friday
Gelderland,Brummen,Dinsdagochtend Markt in Brummen,52.1106,6.1259,
Gelderland,Borculo,Borculo Weekmarkt,52.1162,6.5246,Wednesday
Gelderland,Beltrum,Beltrum’s Donderdagse Minimarkt: Een Dorpsparel,52.0671,6.562,Thursday
Gelderland,Barneveld,"Woensdagmarkt in Carnisselande, Barendrecht",51.8463,4.4973,Wednesday
Gelderland,Dieren,Woensdagmarkt Dieren: Gezellig Winkelen op het Ericaplein,52.0518,6.1018,Wednesday
Gelderland,Didam,Didam,51.9335,6.1331,Friday
Gelderland,Druten,Druten,51.8906,5.6106,Friday
Gelderland,Duiven,Duiven,51.9434,6.0145,Tuesday
Gelderland,Doetinchem,Doetinchem,51.9655,6.2891,Tuesday
Gelderland,Dinxperlo,Dinxperlo’s Marktplezier: Ontdek het Zelf!,51.8638,6.488,Friday
Gelderland,Echteld,Echteld,51.9093,5.499,Wednesday/Friday
Gelderland,Eefde,Woensdagmarkt Eefde,52.1629,6.2291,Wednesday
Gelderland,Epe,Epe,52.3485,5.9854,Wednesday
Gelderland,Ermelo,Dinsdagse Weekmarkt in Ermelo,52.3002,5.6179,Tuesday
Gelderland,Elburg,Sint Gerardusplein,51.4205,5.488,Friday
Gelderland,Ederveen,Ederveen,52.0634,5.5629,Friday
Gelderland,Eerbeek,Dinsdagmarkt in Eerbeek op het Oranje Nassauplein,52.105,6.0663,Tuesday
Gelderland,Eibergen,Weekmarkt van Eibergen: Een Lokale Schat,52.1021,6.6494,Tuesday
Gelderland,Gendt,Vrijdagmarkt Gendt: Een Middag Vol Ontdekkingen op het Julianaplein,51.8784,5.9717,Friday
Gelderland,Gorssel,Woensdagmarkt Gorssel,52.197,6.2,Wednesday
Gelderland,Groesbeek,Dinsdagochtend Markt in Groesbeek,51.7741,5.9305,Tuesday
Gelderland,Hoevelaken,Hoevelaken,52.175,5.456,Friday
Gelderland,S Heerenberg,S Heerenberg,51.875,6.2451,Thursday
Gelderland,Huissen,Vrijdagmarkt Huissen: Sfeervolle Namiddag op de Markt en Langestraat,51.9383,5.9394,Friday
Gelderland,Harfsen,Dinsdagmarkt Harfsen,52.2267,6.1951,Tuesday
Gelderland,Hattem,Woensdagmiddagmarkt in Hattem,52.4665,6.065,Wednesday
Gelderland,Hengelo Gld,Levensmiddelenmarkt Breda: Zaterdagochtend Verse Producten op de Vijverstraat,52.0523,6.3113,Saturday
Gelderland,Ijzendoorn,Ijzendoorn,51.9126,5.5417,Friday
Gelderland,Kesteren,Kesteren,51.9313,5.5572,Wednesday/Saturday
Gelderland,Kerkdriel,Vrijdagmarkt Kerkdriel: Gezelligheid op Mgr. Zwijsenplein,51.7712,5.3375,Friday
Gelderland,Nunspeet,Nunspeet,52.3786,5.7809,Thursday
Gelderland,Nijmegen,Maandagmarkt Nijmegen: Lusemert Vlooienmarkt bij de Stevenskerk,51.8426,5.839,Monday
Gelderland,Nijmegen,Kelfkensbos,51.846,5.8712,Monday
Gelderland,Nijmegen,Centrum,51.8467,5.8672,Saturday
Gelderland,Nijmegen,Zaterdagmarkt Nijmegen: Wekelijks en Maandelijks op Mariënburgplein,51.8426,5.839,Saturday
Gelderland,Nijmegen,Dinsdagmarkt Nijmegen: Gezelligheid bij Winkelcentrum Leuvensbroek,51.8426,5.839,Tuesday
Gelderland,Nijmegen,Woensdagmarkt Nijmegen,51.8079,5.8233,Wednesday
Gelderland,Nijmegen,Donderdagmarkt Nijmegen,51.8346,5.8259,Thursday
Gelderland,Nijmegen,Vrijdagmarkt Nijmegen,51.8453,5.87,Friday
Gelderland,Nijmegen,Vrijdagmarkt Nijmegen: Dorpsplein Lent,51.8625,5.8667,Friday
Gelderland,Nijkerk,Vrijdagmarkt in Nijkerk,52.2149,5.4781,Friday
Gelderland,Neede,Neede,52.1323,6.6117,Tuesday
Gelderland,Oosterbeek,Donderdagmarkt Oosterbeek: Levendigheid op het Raadhuisplein,51.9877,5.8413,Thursday
Gelderland,Ochten,Ochten,51.92,5.579,Tuesday/Thursday/Friday/Saturday
Gelderland,Opheusden,Opheusden,51.926,5.6374,Monday/Thursday/Saturday
Gelderland,Putten,Putten,52.2616,5.6073,Wednesday
Gelderland,Renkum,Dinsdagmarkt Renkum: Gezelligheid op het Europaplein,51.9737,5.7292,Tuesday
Gelderland,Rheden,Zaterdagmarkt Rheden,52.0065,6.0391,Saturday
Gelderland,Rekken,Minimarkt Rekken: Een Donderdagse Ontmoeting op de Lindevoort,52.0949,6.7218,Thursday
Gelderland,Scherpenzeel,Scherpenzeel,52.0904,5.5072,Wednesday
Gelderland,Twello,Twello,52.2363,6.1052,Friday
Gelderland,Velp,Donderdagmarkt Velp: Gezelligheid op Den Heuvel,51.9949,5.9747,Thursday
Gelderland,Vaassen,Zaterdagse Weekmarkt in Vaassen,52.2887,5.9679,Saturday
Gelderland,Warnsveld,Proef de Authentieke Sfeer van de Zutphense Weekmarkt!,52.1443,6.2269,
Gelderland,Winterswijk,Winterswijk,51.9746,6.7224,
Gelderland,Wageningen,Wageningen,51.9686,5.6683,Wednesday
Gelderland,Westervoort,Westervoort,51.9628,5.9675,Friday
Gelderland,Wolfheze,Vrijdagmarkt Wolfheze: Knusse Gezelligheid op het Dorpsplein,52.0057,5.7924,Friday
Gelderland,Zutphen,Sfeervolle Zaterdagmarkt van Zutphen!,52.1397,6.1948,Saturday
Gelderland,Zevenaar,Diversiteit van de Centrummarkt in Zoetermeer!,51.9279,6.0775,Saturday
Flevoland,Almere,Donderdagmarkt Almere: Een Wereld van Versheid en Cultuur,52.3705,5.2186,
Flevoland,Almere,Vrijdagmarkt in Almere,52.3705,5.2186,
Flevoland,Almere,Zaterdagmarkt in Almere,52.3705,5.2186,Saturday
Flevoland,Dronten,Dronten,52.5234,5.7177,Wednesday
Flevoland,Emmeloord,Emmeloord,52.7115,5.7579,Thursday
Flevoland,Swifterbant,Swifterbant,52.5718,5.6442,Tuesday
Flevoland,Urk,"Utrecht, Hoograven’s Weekmarkt: Een Ontmoetingsplek van Smaak en Gezelligheid!",52.6928,5.4576,Tuesday
Utrecht,Ameide,Ameide,51.955,4.9626,Saturday
Utrecht,Breukelen,Breukelen,52.172,5.0027,Friday
Utrecht,Bunnik,Mini-Markt Bunnik: Dagelijks Verse Producten aan de Van Hardenbroeklaan,52.07,5.1983,Monday-Saturday
Utrecht,Baarn,Weekmarkt in Barendrecht Centrum – Een Vrijdagse Traditie,52.2111,5.2932,Friday
Utrecht,De Bilt,"Vrijdagmarkt in De Bilt, Bilthoven",52.1446,5.1738,Friday
Utrecht,Eemnes,Eemnes’ Donderdagse Weekmarkt: Gezelligheid bij De Minnehof,52.2526,5.263,Thursday
Utrecht,Hagestein,Hagestein,51.9789,5.1231,Wednesday
Utrecht,Hei En Boeicop,Hei En Boeicop,51.9456,5.0753,Wednesday
Utrecht,Houten,Donderdagmarkt in Houten,52.0271,5.1621,Thursday
Utrecht,Hoogland,De Levendige Wijkmarkt van Amersfoort in Kattenbroek,52.1872,5.3762,Thursday
Utrecht,Ijsselstein,Vrijdagavondmarkt in IJsselstein,52.0246,5.0459,Friday
Utrecht,Leerdam,Leerdam,51.8946,5.0928,Thursday/Saturday
Utrecht,Leerbroek,Leerbroek,51.9107,5.0553,Tuesday
Utrecht,Lopik,Donderdagmarkt Lopik: Klein en Gezellig op het Koning Willem-Alexanderplein,51.9746,4.9505,Thursday
Utrecht,Leusden,Dinsdagmarkt Leusden: Gezelligheid op De Biezenkamp,52.1365,5.4291,Tuesday
Utrecht,Meerkerk,Meerkerk,51.921,4.9961,Saturday
Utrecht,Maarn,Breedstraat,52.0645,5.3717,Saturday
Utrecht,Maarssenbroek,Maarssenbroek,52.1291,5.0348,Saturday
Utrecht,Maarssen Dorp,Maarssen Dorp,52.1357,5.0623,Thursday
Utrecht,Montfoort,Montfoort,52.0451,4.9506,Tuesday
Utrecht,Mijdrecht,Mijdrecht,52.2091,4.8741,Thursday
Utrecht,Nieuwland,Nieuwland,52.2,5.3787,Saturday
Utrecht,Rhenen,Donderdagmarkt Rhenen: Sfeervolle Ochtend op de Frederik van de Paltshof,51.9579,5.5653,Thursday
Utrecht,Renswoude,Donderdagmarkt Renswoude: Gezelligheid op het Dorpsplein,52.0742,5.5373,Thursday
Utrecht,Soest,Soest,52.1864,5.295,Thursday
Utrecht,Soesterberg,Soesterberg,52.1201,5.2813,Wednesday
Utrecht,Utrecht,Ondiep,52.1026,5.0995,Wednesday
Utrecht,Utrecht,Overvecht,52.1143,5.1133,Thursday
Utrecht,Utrecht,Kanaleneiland,52.0746,5.0935,Friday
Utrecht,Utrecht,Leidsche Rijn,52.0827,5.0378,Thursday
Utrecht,Utrecht,Vredenburg,52.093,5.1148,Wednesday/Friday
Utrecht,Utrecht,Janskerkhof,52.0934,5.1217,Saturday
Utrecht,Utrecht,Oudegracht,52.0898,5.1208,Saturday
Utrecht,Vianen,Vianen,51.9924,5.093,Wednesday
Utrecht,Vreeswijk,Vreeswijk,52.0058,5.0956,Thursday
Utrecht,Wijk Bij Duurstede,Wijk Bij Duurstede,51.9775,5.3269,Wednesday
Utrecht,Woerden,Woerden,52.0855,4.8832,Wednesday/Saturday
Utrecht,Woudenberg,Woudenberg,52.0816,5.4146,Tuesday/Saturday
Noord-Brabant,Aarle Rixtel,Donderdagmarkt Aarle-Rixtel,51.5093,5.6376,Thursday
Noord-Brabant,Almkerk,De Gezellige Weekmarkt in Almkerk!,51.7706,4.9607,Thursday
Noord-Brabant,Breda,Proef de Sfeer op de markt op de Grote Markt in Breda!,51.5888,4.776,Tuesday
Noord-Brabant,Breda,Algemene Warenmarkt Breda: Vrijdag Vertier op de Grote Markt,51.5884,4.7762,Friday
Noord-Brabant,Breda,Kunst- en Curiosamarkt van Breda: Een Woensdagse Verzamelplek,51.5888,4.776,Wednesday
Noord-Brabant,Breda,Biologische Boerenmarkt Breda: Dinsdagochtend Frisheid op het Veemarktplein,51.5888,4.776,Tuesday
Noord-Brabant,Breda,Bezoek de Gezellige Wijkmarkt van Hoge Vucht in Breda,51.5888,4.776,Thursday
Noord-Brabant,Breda,Wijkmarkt Breda Heksenwiel: Woensdagochtend Gezelligheid en Versheid,51.6231,4.7423,Wednesday
Noord-Brabant,Breda,Zaterdagse Warenmarkt in Breda op het Dr. Jan Ingenhouszplein,51.5888,4.776,Saturday
Noord-Brabant,Berkel Enschot,Ontdek Lokale Schatten op de Weekmarkt Tilburg!,51.5855,5.1423,Friday
Noord-Brabant,Boxmeer,Donderdagmarkt Boxmeer: Sfeervol Winkelen op het Weijerplein,51.6489,5.9522,Thursday
Noord-Brabant,Beek En Donk,Woensdagmarkt Beek en Donk: Gezellig Winkelen op het Piet van Thielplein,51.5383,5.6287,Wednesday
Noord-Brabant,Brouwhuis,Vrijdagmarkt in Brouwhuis,51.4609,5.7012,Friday
Noord-Brabant,Bosschenhoofd,Zaterdagmarkt in Bosschenhoofd,51.5608,4.5442,Saturday
Noord-Brabant,Bakel,Dinsdagmarkt in Bakel,51.5043,5.7411,Tuesday
Noord-Brabant,Boxtel,vrijdagse weekmarkt in Boxtel,51.5891,5.3158,Friday
Noord-Brabant,Boekel,Boekel,51.6025,5.6727,Tuesday
Noord-Brabant,Best,Best,51.5098,5.3892,Saturday
Noord-Brabant,Cuijk,Woensdagmarkt Cuijk: Levendige Sfeer op het Louis Jansenplein,51.7289,5.8791,Wednesday
Noord-Brabant,Chaam,Chaam,51.5053,4.8612,Wednesday
Noord-Brabant,Dinteloord,Dinteloord,51.6357,4.3706,Thursday
Noord-Brabant,Den Dungen,Den Dungen,51.671,5.3714,Tuesday
Noord-Brabant,Dongen,Dongen,51.6248,4.9369,Monday
Noord-Brabant,Deurne,"Vrijdagmarkt in Ypenburg, Den Haag",51.4283,5.828,Friday
Noord-Brabant,Eindhoven,Feel Good Market in Eindhoven,51.4477,5.457,Sunday
Noord-Brabant,Eindhoven,Eindhoven’s Zaterdagse Catharina Market: Ontdekking op het Catharinaplein,51.4371,5.4799,Saturday
Noord-Brabant,Eindhoven,Duurzame Weekmarkt op het Wilhelminaplein in Eindhoven,51.4377,5.4715,Saturday
Noord-Brabant,Eindhoven,Woenselse Markt Eindhoven: Dynamische Zaterdagbeleving,51.4516,5.4724,Saturday
Noord-Brabant,Eindhoven,Maandagmarkt Tarwelaan Eindhoven: Jouw start van de week,51.4771,5.4971,Monday
Noord-Brabant,Eindhoven,Dinsdagmarkt Eindhoven Centrum: Een Levendig Begin van de Week,51.4413,5.4766,Tuesday
Noord-Brabant,Eindhoven,Kastelenplein,51.4195,5.4405,Wednesday
Noord-Brabant,Eindhoven,Woensdagmarkt Winkelcentrum Woensel: Wekelijks Winkelen met Gemak,51.4679,5.4768,Wednesday
Noord-Brabant,Eindhoven,Winkelcentrum Haagdijk,51.4418,5.5025,Thursday
Noord-Brabant,Eindhoven,Sint Trudoplein,51.4416,5.4554,Thursday
Noord-Brabant,Eindhoven,Viskraam in Putten – Ontdek de beste vis in ’t dorp,51.4393,5.4786,Thursday-Saturday
Noord-Brabant,Erp,Vrijdagmarkt Erp: Gezelligheid op Hertog Janplein,51.6005,5.606,Friday
Noord-Brabant,Etten Leur,Etten Leur,51.5692,4.6361,Friday
Noord-Brabant,Fijnaart,Fijnaart,51.6352,4.4673,Tuesday
Noord-Brabant,Gemonde,Gemonde,51.6214,5.3615,Tuesday
Noord-Brabant,Grave,Vrijdagmarkt Grave: Vroege Vogels Welkom op de Hoofdwagt,51.7598,5.74,Friday
Noord-Brabant,Goirle,Goirle,51.5204,5.067,Thursday
Noord-Brabant,Geertruidenberg,Vrijdagmarkt in Geertruidenberg,51.7012,4.8617,Friday
Noord-Brabant,Geldrop,Geldrop,51.4219,5.5582,Wednesday
Noord-Brabant,Gemert,Gemert,51.5571,5.6821,Monday
Noord-Brabant,Galder,Charme van Galder’s Mini-Weekmarkt,51.5126,4.775,Wednesday
Noord-Brabant,Heerle,Binnenrotte Centrummarkt Rotterdam: Drie Dagen Per Week Marktpret,51.5188,4.362,Tuesday
Noord-Brabant,Heusden,Donderdagmarkt in Heusden,51.7349,5.1374,Thursday
Noord-Brabant,Hilvarenbeek,Donderdagochtendmarkt in Hilvarenbeek,51.4836,5.1382,Thursday
Noord-Brabant,Hoeven,Donderdagmarkt in Hoeven,51.5809,4.5874,Thursday
Noord-Brabant,Halsteren,Halsteren,51.5226,4.2721,Saturday
Noord-Brabant,Klundert,Klundert,51.6628,4.5353,Thursday
Noord-Brabant,Kaatsheuvel,Vrijdagmarkt Kaatsheuvel: Diversiteit op het Anton Pieckplein,51.6524,5.0499,Friday
Noord-Brabant,Loon Op Zand,Vrijdagmarkt Loon op Zand: Versheid op het Looiershof,51.6411,5.0487,Friday
Noord-Brabant,Lieshout,Dinsdagmarkt Lieshout: Verse Producten op de Heuvel,51.5179,5.5952,Tuesday
Noord-Brabant,Lage Zwaluwe,Lage Zwaluwe,51.7114,4.7009,Thursday
Noord-Brabant,Middelrode,Middelrode,51.6586,5.4098,Friday
Noord-Brabant,Reusel De Mierden,Vrijdagmarkt Reusel-De Mierden: Divers Aanbod op het Marktplein,51.371,5.1469,Friday
Noord-Brabant,Mill,Woensdagmarkt Mill: Gezelligheid en Verse Producten op het Marktplein,51.6863,5.7841,Wednesday
Noord-Brabant,Mierlo,Donderdagmarkt in Mierlo,51.4436,5.6188,Thursday
Noord-Brabant,Made,Made,51.6776,4.7924,Wednesday
Noord-Brabant,Nuland,Nuland,51.728,5.4338,Thursday
Noord-Brabant,Nieuwendijk,markt in Nieuwendijk,51.7764,4.919,Thursday
Noord-Brabant,Oosterhout,Oosterhout,51.6447,4.861,Saturday
Noord-Brabant,Rosmalen,Rosmalen,51.7172,5.3628,Thursday
Noord-Brabant,Roosendaal,Roosendaal’s Weekmarkten: Maandag en Zaterdag Winkelplezier op de Nieuwe Markt,51.5331,4.4561,Monday
Noord-Brabant,Reek,Woensdagmarkt Reek: Gezellige Minimarkt bij het Wapen van Reek,51.7465,5.6818,Wednesday
Noord-Brabant,Raamsdonk,Raamsdonk,51.6876,4.9116,Friday
Noord-Brabant,Raamsdonksveer,Dinsdagmarkt in Raamsdonksveer,51.6951,4.8735,Tuesday
Noord-Brabant,Rijen,Vrijdagmarkt in Rijen,51.588,4.9195,Friday
Noord-Brabant,Rijswijk Noord Brabant,Weekmarkt in Rijswijk (Noord-Brabant),51.7941,5.0269,Thursday
Noord-Brabant,Sprang Capelle,Sprang Capelle,51.6706,5.0237,Thursday
Noord-Brabant,St Willebrord,De Zondagsmarkt in Rotterdam,51.551,4.5908,Sunday
Noord-Brabant,Sint Oedenrode,Vrijdagmarkt Sint-Oedenrode: Levendige Handel op de Markt,51.5646,5.461,Friday
Noord-Brabant,Schijndel,Zaterdagmarkt Schijndel: Gezellig Winkelen op de Markt en Hoofdstraat,51.6177,5.4363,Saturday
Noord-Brabant,Schaijk,Zaterdagmarkt Schaijk: Gezelligheid op het Europaplein,51.7449,5.6345,Saturday
Noord-Brabant,Sint Anthonis,Woensdagmarkt Sint Anthonis,51.6245,5.883,Wednesday
Noord-Brabant,Tilburg,Heyhoef,51.5785,5.0055,Thursday
Noord-Brabant,Tilburg,Westermarkt,51.5704,5.0537,Thursday
Noord-Brabant,Tilburg,Koningsplein,51.5539,5.087,Friday-Saturday
Noord-Brabant,Terheijden,Terheijden,51.6424,4.7531,Tuesday
Noord-Brabant,Vught,Vught,51.6455,5.2825,Thursday
Noord-Brabant,Veldhoven,Veldhoven,51.421,5.4053,Monday
Noord-Brabant,Valkenswaard,Valkenswaard,51.3505,5.4583,Thursday
Noord-Brabant,Veghel,Donderdagmarkt in Veghel,51.6135,5.5447,Thursday
Noord-Brabant,Vlijmen,Donderdagochtendmarkt in Vlijmen,51.6943,5.2091,Thursday
Noord-Brabant,Willemstad,Willemstad,51.6934,4.4393,Monday
Noord-Brabant,Zevenbergen,Zevenbergen,51.6413,4.6101,Thursday
Noord-Brabant,Zeeland,Zeeland,51.4915,3.7827,Thursday
Zuid-Holland,Arkel,Arkel,51.8635,4.9934,Friday
Zuid-Holland,Ammerstol,Vrijdagmarkt Ammerstol: Proef de Versheid op het Kerkplein,51.9271,4.8096,Friday
Zuid-Holland,Brielle,Brielle,51.9013,4.1656,Monday
Zuid-Holland,Bleskensgraaf,Bleskensgraaf,51.8688,4.7826,Wednesday
Zuid-Holland,Berkel En Rodenrijs,Woensdagmarkt Berkel en Rodenrijs: Diversiteit rondom de Kerkstraat,51.9914,4.4739,Wednesday
Zuid-Holland,Bergambacht,Donderdagmarkt Bergambacht,51.9353,4.7865,Thursday
Zuid-Holland,Berkenwoude,Dinsdagmarkt Berkenwoude,51.9455,4.7085,Tuesday
Zuid-Holland,Bodegraven,Bodegraven,52.0858,4.7473,Tuesday
Zuid-Holland,Boskoop,Weekmarkt van Boskoop op het Gouweplein,52.0742,4.6631,Saturday
Zuid-Holland,Den Haag,De Haagse Markt,52.0644,4.2988,Monday/Wednesday/Friday/Saturday
Zuid-Holland,Den Haag,Boerenmarkt in Den Haag,52.0825,4.3131,Wednesday
Zuid-Holland,Den Haag,Schatten van Den Haag: Antiek- en Boekenmarkt op het Lange Voorhout,52.0825,4.3131,Thursday/Sunday
Zuid-Holland,Den Haag,Leyweg Escamp,52.0483,4.2767,Tuesday
Zuid-Holland,Den Haag,"Woensdagmarkt in Loosduinen, Den Haag",52.08,4.3113,Wednesday
Zuid-Holland,Den Haag,"Donderdagmarkt in Stevinstraat, Scheveningen",52.08,4.3113,Thursday
Zuid-Holland,Den Haag,"Donderdagmarkt op Prins Hendrikplein, Den Haag: Een Intieme Wijkmarkt",52.08,4.3113,Thursday
Zuid-Holland,Delft,Zaterdagmarkt in Delft,51.9995,4.3627,Saturday
Zuid-Holland,Delft,Donderdagmarkt in Delft,51.9995,4.3627,Thursday
Zuid-Holland,S Gravenzande,S Gravenzande,52.0029,4.1622,Friday
Zuid-Holland,Giessenburg,Giessenburg,51.8434,4.8676,Saturday
Zuid-Holland,Goudriaan,Goudriaan,51.9034,4.8881,Tuesday
Zuid-Holland,Groot Ammers,Groot Ammers,51.9232,4.8199,Wednesday
Zuid-Holland,Gouderak,Zaterdagmarkt Gouderak: Smakelijk Begin van het Weekend,51.9838,4.6757,Saturday
Zuid-Holland,Gorinchem,Maandagmarkt in Gorinchem,51.8296,4.9739,Monday
Zuid-Holland,Goedereede,Donderdagmarkt in Goedereede,51.818,3.9793,Thursday
Zuid-Holland,Hoek Van Holland,Biologische Markt Eendrachtsplein Rotterdam: Gezond & Duurzaam Shoppen,51.9772,4.1315,Tuesday
Zuid-Holland,Hoek Van Holland,Ommoord Markt: Woensdagse Gezelligheid bij Winkelcentrum Hesseplaats,51.9772,4.1315,Wednesday
Zuid-Holland,Hoogvliet,IJsselmonde Markt: Donderdagse Ontdekkingen bij Winkelcentrum Keizerswaard,51.8653,4.3641,Thursday
Zuid-Holland,Heenvliet,Heenvliet,51.8604,4.2387,Friday
Zuid-Holland,Hoogblokland,Hoogblokland,51.8743,4.975,Thursday
Zuid-Holland,Hoornaar,Hoornaar,51.879,4.9467,Tuesday
Zuid-Holland,Haastrecht,Donderdagmarkt Haastrecht: Gezelligheid aan de Kleine Haven,52.0017,4.7753,Thursday
Zuid-Holland,Hillegom,Hillegom,52.2928,4.577,Tuesday
Zuid-Holland,Heinenoord,Woensdagmiddagmarkt in Heinenoord,51.8263,4.4766,Wednesday
Zuid-Holland,Hazerswoude Rijndijk,Hazerswoude Rijndijk,52.1292,4.5892,Thursday
Zuid-Holland,Katwijk,Katwijk,52.2018,4.409,Friday
Zuid-Holland,Krimpen Aan De Lek,Vrijdagmarkt Krimpen aan de Lek: Een Middag Vol Ontdekkingen,51.8981,4.6326,Friday
Zuid-Holland,Klaaswaal,Woensdagmarkt in Klaaswaal,51.7702,4.4479,Wednesday
Zuid-Holland,Leiderdorp,Donderdagmarkt Leiderdorp: Verse Producten bij WC Santhorst,52.1564,4.5314,Thursday
Zuid-Holland,Leidschendam,Dinsdagmarkt Leidschendam: Shoppen en Ontdekken bij Westfield Mall,52.0862,4.3947,Tuesday
Zuid-Holland,Lisse,Maandagmarkt Lisse: Gezellig Winkelen op het Meer en Houtplein,52.2605,4.558,Monday
Zuid-Holland,Leiden,Aalmarkt,52.1593,4.4908,Wednesday
Zuid-Holland,Leiden,Stevenshof,52.151,4.4499,Thursday
Zuid-Holland,Leiden,Merenwijk,52.1765,4.5054,Friday
Zuid-Holland,Lekkerkerk,Woensdagmarkt Lekkerkerk: Gezelligheid op het Raadhuisplein,51.8966,4.6829,Wednesday
Zuid-Holland,Leimuiden,Dinsdagochtend Markt in Leimuiden,52.2245,4.6741,Tuesday
Zuid-Holland,Maassluis,Maassluis,51.9267,4.244,Friday
Zuid-Holland,Mijnsheerenland,Vrijdagmarkt in Mijnsheerenland,51.799,4.4923,Friday
Zuid-Holland,Middelharnis,Woensdagmarkt in Middelharnis,51.7576,4.1656,Wednesday
Zuid-Holland,Naaldwijk,Naaldwijk,51.9928,4.2076,Wednesday
Zuid-Holland,Noordwijk,Noordwijk,52.2344,4.4455,Thursday
Zuid-Holland,Nieuwkoop,Nieuwkoop,52.1501,4.7762,Saturday
Zuid-Holland,Nieuw Lekkerland,Nieuw Lekkerland,51.8913,4.6883,Thursday
Zuid-Holland,Noordeloos,Noordeloos,51.9056,4.9499,Tuesday
Zuid-Holland,Numansdorp,Numansdorp,51.7282,4.4369,Tuesday
Zuid-Holland,Nieuw Beijerland,Zaterdagmarkt in Nieuw-Beijerland,51.8113,4.3389,Saturday
Zuid-Holland,Neder Hardinxveld,Zaterdagmarkt in Neder-Hardinxveld,51.828,4.837,Saturday
Zuid-Holland,Oostvoorne,Oostvoorne,51.9155,4.1034,Wednesday
Zuid-Holland,Oud Alblas,Oud Alblas,51.8582,4.7051,Thursday
Zuid-Holland,Ottoland,Ottoland,51.8935,4.8739,Friday
Zuid-Holland,Oud Beijerland,Oud Beijerland,51.8256,4.4121,Wednesday
Zuid-Holland,Ooltgensplaat,Ooltgensplaat,51.6812,4.3496,Saturday
Zuid-Holland,Oude Tonge,Oude Tonge,51.6914,4.2073,Friday
Zuid-Holland,Poortugaal,Zaterdagmarkt in Alkmaar!,51.8578,4.3914,Saturday
Zuid-Holland,Rotterdam,Afrikaanderplein Markt Rotterdam-Zuid: Multiculturele Marktdagen,51.9244,4.4778,Wednesday
Zuid-Holland,Rotterdam,Visserijplein Markt Rotterdam-West: Multiculturele Marktdagen,51.9244,4.4778,Thursday
Zuid-Holland,Rotterdam,Alexanderpolder Markt: Vrijdagse Marktdag bij Winkelcentrum Het Lage Land,51.9244,4.4778,Friday
Zuid-Holland,Rotterdam,Schiebroek Markt: Vrijdagse Versheid op de Peppelweg,51.9244,4.4778,Friday
Zuid-Holland,Rotterdam,Asterlo Zuidwijk Markt,51.9244,4.4778,Friday
Zuid-Holland,Rotterdam,Overschie Markt,51.9244,4.4778,Friday
Zuid-Holland,Rotterdam,Rotterdamse Oogstmarkt: Zaterdagse Smaken en Sferen op Noordplein,51.9244,4.4778,Saturday
Zuid-Holland,Rockanje,Rockanje,51.8743,4.0692,Friday
Zuid-Holland,Ridderkerk,Vrijdagmarkt Ridderkerk: Gezelligheid bij Ridderhof,51.8706,4.595,Friday
Zuid-Holland,Rijnsburg,Dinsdagmarkt Rijnsburg: Gezelligheid op het Hoftuinplein,52.1918,4.4415,Tuesday
Zuid-Holland,Roelofarendsveen,Vrijdagmarkt Roelofarendsveen: Verse Start van het Weekend op de Schoolbaan,52.2048,4.6437,Friday
Zuid-Holland,Sassenheim,Sassenheim,52.2325,4.5302,Thursday
Zuid-Holland,Sliedrecht,Sliedrecht,51.8225,4.7767,Wednesday
Zuid-Holland,Schiedam,Schiedam,51.93,4.3865,Tuesday/Friday
Zuid-Holland,Schelluinen,Schelluinen,51.8437,4.9348,Friday
Zuid-Holland,Streefkerk,Streefkerk,51.9012,4.7435,Tuesday
Zuid-Holland,Schoonhoven,Woensdagmarkt Schoonhoven: Ontdek de Markt op het Doelenplein,51.947,4.8531,Wednesday
Zuid-Holland,Stolwijk,Vrijdagmarkt Stolwijk: Gezelligheid en Versheid op het Dorpsplein,51.9723,4.7716,Friday
Zuid-Holland,Ter Aar,Ter Aar,52.1679,4.71,Wednesday
Zuid-Holland,Vlaardingen,Vrijdagmarkt in Vlissingen,51.9228,4.3296,Friday
Zuid-Holland,Voorschoten,Voorschoten,52.1249,4.447,Friday
Zuid-Holland,Voorhout,Voorhout,52.2231,4.4875,Friday
Zuid-Holland,Voorburg,Zaterdagmarkt Voorburg: Ontdek de Markt op het Oosteinde,52.0725,4.3735,Saturday
Zuid-Holland,Wateringen,Wateringen,52.0246,4.275,Wednesday
Zuid-Holland,Wassenaar,Dinsdagmarkt in Wassenaar,52.1428,4.4011,Tuesday
Zuid-Holland,Waddinxveen,Waddinxveen,52.0443,4.6559,Friday
Zuid-Holland,Woubrugge,Donderdagmarkt in Woubrugge,52.1679,4.6358,Thursday
Zuid-Holland,Westmaas,Dinsdagmarkt in Westmaas,51.7884,4.4737,Tuesday
Zuid-Holland,Zoetermeer,Gezelligheid van de Rokkeveen Markt in Zoetermeer!,52.0623,4.4901,Friday
Zuid-Holland,Zoetermeer,Oosterheem Markt in Zoetermeer!,52.0623,4.4901,Tuesday
Zuid-Holland,Zuidplas,Markt in Zuidplas!,51.9988,4.6139,Thursday
Zuid-Holland,Zuidland,Zuidland,51.8222,4.2589,Wednesday
Zuid-Holland,Zuid Beijerland,Dinsdagmarkt in Zuid-Beijerland,51.7511,4.3668,Tuesday
Noord-Holland,Amsterdam,Albert Cuypmarkt in Amsterdam,52.3559,4.8946,Monday-Saturday
Noord-Holland,Amsterdam,Markt van Anton de Komplein in Amsterdam,52.316,4.9557,Monday/Thursday
Noord-Holland,Amsterdam,De Boekenmarkt op Spui,52.3701,4.8892,Friday
Noord-Holland,Amsterdam,Bos En Lommerweg,52.3785,4.8402,Saturday
Noord-Holland,Amsterdam,Bruisende Markt Buikslotermeerplein: Het Hart van Amsterdam-Noord,52.4008,4.9323,Tuesday-Saturday
Noord-Holland,Amsterdam,Biomarkt Zeeburg in Amsterdam,52.371,4.9389,Wednesday
Noord-Holland,Amsterdam,De Levendige Dappermarkt,52.3627,4.9278,Monday-Saturday
Noord-Holland,Amsterdam,De Levendige Zaterdagmarkt van Ganzenhoef in Amsterdam Zuidoost,52.3222,4.9712,Saturday
Noord-Holland,Amsterdam,Boerenmarkt Haarlemmerplein in Amsterdam,52.3846,4.8837,Wednesday
Noord-Holland,Amsterdam,Kraaiennest,52.317,4.9792,Tuesday
Noord-Holland,Amsterdam,Markt van Lambertus Zijlplein in Amsterdam,52.3731,4.8925,Monday
Noord-Holland,Amsterdam,De Markt Lindengracht: Een Amsterdams Trefpunt,52.3802,4.8836,Saturday
Noord-Holland,Amsterdam,Minervamarkt,52.3472,4.8732,Friday
Noord-Holland,Amsterdam,Nieuwmarkt: Het Dagelijkse Hart van Amsterdam,52.3731,4.8925,
Noord-Holland,Amsterdam,De Noordermarkt in Amsterdam,52.3802,4.8875,Monday/Saturday
Noord-Holland,Amsterdam,Groene Oase in de Stad,52.3623,4.8977,Monday
Noord-Holland,Amsterdam,Markt van Plein 40-45 in Amsterdam,52.379,4.8211,Tuesday-Saturday
Noord-Holland,Amsterdam,Charme van Markt Reigersbos in Amsterdam-Zuidoost,52.3731,4.8925,Wednesday
Noord-Holland,Amsterdam,REURING Markt in Amsterdam,52.3731,4.8925,Saturday
Noord-Holland,Amsterdam,De Siermarkt,52.3728,4.8461,Wednesday
Noord-Holland,Amsterdam,Stadionpleinmarkt in Amsterdam,52.3431,4.8581,Saturday
Noord-Holland,Amsterdam,Ten Katemarkt,52.3731,4.8925,Saturday
Noord-Holland,Amsterdam,Amsterdamse Markt Tussenmeer in Osdorp,52.3588,4.8022,Tuesday
Noord-Holland,Amsterdam,Charme van Van der Pekmarkt in Amsterdam,52.3898,4.9101,Wednesday/Friday/Saturday
Noord-Holland,Amsterdam,Waterloopleinmarkt in Amsterdam,52.3687,4.9019,Monday-Saturday
Noord-Holland,Amsterdam,De Markt Westerstraat,52.3731,4.8925,Monday
Noord-Holland,Amsterdam,De Wekelijkse Ontmoetingsplek,52.3731,4.8925,Thursday
Noord-Holland,Amsterdam,Zuidermrkt,52.3731,4.8925,Saturday
Noord-Holland,Alkmaar,Biologische Markt in Alkmaar!,52.6009,4.8171,Saturday
Noord-Holland,Alkmaar,"Woensdagmarkt in Oudorp, Alkmaar!",52.6009,4.8171,
Noord-Holland,Alkmaar,"Dinsdagmarkt in Overdie, Alkmaar!",52.6009,4.8171,Tuesday
Noord-Holland,Alkmaar,"Woensdagmarkt in De Mare, Alkmaar!",52.6009,4.8171,
Noord-Holland,Wijdemeren,Wijdemeren,52.2588,5.0947,Saturday
Noord-Holland,Andijk,Woensdagmarkt Andijk: Gezelligheid op het Andre Voltenplein,52.7463,5.2216,Wednesday
Noord-Holland,Anna Paulowna,Woensdagmarkt in Anna Paulowna,52.8602,4.8246,Wednesday
Noord-Holland,Broek In Waterland,Broek In Waterland,52.436,4.9961,Wednesday
Noord-Holland,Bovenkarspel Stede Broec,Bovenkarspel Stede Broec,52.6951,5.2363,Thursday
Noord-Holland,Badhoevedorp,Zomerkade,52.3389,4.7845,Friday
Noord-Holland,Bussum,Bussum,52.2752,5.1638,Thursday
Noord-Holland,Broek Op Langedijk,Broek Op Langedijk,52.6793,4.8047,Thursday
Noord-Holland,Diemen,Diemen,52.3413,4.9625,Wednesday
Noord-Holland,Edam,Edam,52.5115,5.0562,Wednesday
Noord-Holland,Egmond Aan Zee,Egmond Aan Zee,52.6219,4.6375,Thursday
Noord-Holland,Haarlem,Grote Markt,52.3814,4.6361,Monday
Noord-Holland,Haarlem,Dinsdagmarkt in Haarlem,52.3603,4.656,Tuesday
Noord-Holland,Haarlem,Floresstraat,52.3993,4.6446,Thursday
Noord-Holland,Hilversum,Hilversum,52.2274,5.1773,Wednesday/Saturday
Noord-Holland,Heemskerk,Heemskerk,52.511,4.6716,Friday
Noord-Holland,Heemstede,Woensdagmarkt in Heemstede,52.3418,4.6208,Wednesday
Noord-Holland,Heerhugowaard,Heerhugowaard,52.6702,4.8428,Monday
Noord-Holland,Hoogkarspel,Hoogkarspel,52.695,5.1778,Friday
Noord-Holland,Ijmuiden,Ijmuiden,52.4602,4.6202,Thursday
Noord-Holland,Krommenie,Krommenie,52.5009,4.7673,Tuesday
Noord-Holland,Landsmeer,Vrijdagmarkt Landsmeer: Ontmoet en Ontdek op het Marktplein,52.429,4.9124,Friday
Noord-Holland,Laren,Vrijdagmarkt in Laren,52.2566,5.2252,Friday
Noord-Holland,Monnickendam,Monnickendam,52.4638,5.0333,Saturday
Noord-Holland,Medemblik,Maandagmarkt Medemblik: Wekelijks Plezier op de Nieuwstraat,52.7294,5.1676,Monday
Noord-Holland,Nieuw Vennep,Nieuw Vennep,52.2652,4.6293,Thursday
Noord-Holland,Naarden,Zaterdagmarkt in Naarden,52.2958,5.1634,Saturday
Noord-Holland,Rijsenhout,Donderdagmarkt in Rijsenhout,52.2587,4.7149,Thursday
Noord-Holland,Santpoort Noord,Santpoort Noord,52.4424,4.6404,Friday
Noord-Holland,Schagen,Schagen,52.7882,4.8045,Thursday
Noord-Holland,Texel,Texel,53.0829,4.7499,Monday
Noord-Holland,Uithoorn,Uithoorn,52.2316,4.8281,Wednesday
Noord-Holland,Velserbroek,Velserbroek,52.4349,4.6596,Tuesday
Noord-Holland,Volendam,Volendam,52.4937,5.0741,Saturday
Noord-Holland,Wognum,Vrijdagmarkt Wognum: Gezelligheid bij Winkelcentrum De Boogerd,52.6811,5.0247,Friday
Noord-Holland,Zaandam,Zaandam,52.4386,4.8203,Thursday/Saturday
Limburg,Berg En Terblijt,Berg En Terblijt,50.8606,5.7912,Thursday
Limburg,Bunde,Vrijdagmarkt Bunde: Gezellige Minimarkt op het Sint Agnesplein,50.8967,5.7323,Friday
Limburg,Bergen Limburg,Bergen Limburg,51.6103,6.0378,Friday
Limburg,Beesel,Beesel,51.2688,6.0419,Thursday
Limburg,Cadier En Keer,Cadier En Keer,50.8286,5.7677,Wednesday
Limburg,Eijsden,Eijsden,50.772,5.7101,Thursday
Limburg,Heythuysen,Vrijdagmarkt Heythuysen: Een Namiddag op het Julianaplein,51.2483,5.8976,Friday
Limburg,Haelen,Donderdagmarkt Haelen: Verse Producten en Meer op het Kerkplein,51.2366,5.9572,Thursday
Limburg,Horst Aan De Maas,Horst Aan De Maas,51.4539,6.0522,Tuesday
Limburg,Heerlerheide,Vrijdagmarkt in Heerlerheide,50.9179,5.9656,Friday
Limburg,Hulsberg,Hulsberg,50.8897,5.8574,Friday
Limburg,Kerkrade,Vrijdagmarkt Kerkrade: Gezelligheid en Versheid op de Markt,50.8749,6.0594,Friday
Limburg,Montfort,Montfort’s Weekmarkt: Een Ontmoetingsplek van Smaak en Gezelligheid!,51.1294,5.9453,
Limburg,Meerssen,Donderdagmarkt in Meerssen,50.9047,5.7352,Thursday
Limburg,Maasbracht,Donderdagmarkt Maasbracht: Gezellig Winkelen bij het Gemeentehuis,51.1429,5.8831,Thursday
Limburg,Mechelen,Woensdagmarkt in Mechelen,50.7964,5.9255,Wednesday
Limburg,Nederweert,Nederweert,51.2829,5.7474,Wednesday
Limburg,Panningen,Woensdagmarkt in Panningen,51.3288,5.9819,Wednesday
Limburg,Roermond,gezelligheid van de weekmarkt in Roermond,51.1934,5.9883,Wednesday
Limburg,Simpelveld,Simpelveld,50.8351,5.9826,Friday
Limburg,Sittard,Sittard,51.002,5.8589,Thursday
Limburg,Sint Odilienberg,Sint Odilienberg,51.1488,5.998,Wednesday
Limburg,Schaesberg,Vrijdagmarkt Schaesberg: Een Middag Vol Ontdekkingen op het Marktplein,50.9081,6.0265,Friday
Limburg,Susteren,Susteren,51.0658,5.8535,Thursday
Limburg,Schinveld,Donderdagmarkt in Schinveld,50.9697,5.9773,Thursday
Limburg,Schimmert,Donderdag markt in Schimmert,50.9066,5.8246,Thursday
Limburg,Ubach Over Worms,Vrijdagmarkt Ubach over Worms,50.915,6.0447,Friday
Limburg,Venlo,Venlo,51.3727,6.1718,Saturday
Limburg,Venray,Maandagmarkt in Venray,51.5083,5.9589,Monday
Limburg,Valkenburg,Valkenburg,50.8693,5.8329,Monday
Limburg,Weert,Zaterdagmarkt in Weert,51.2356,5.7051,Saturday
Zeeland,Axel,Axel,51.2672,3.9073,Saturday
Zeeland,Arnemuiden,Vrijdagmarkt Arnemuiden,51.5005,3.6715,Friday
Zeeland,Breskens,Breskens,51.3964,3.5595,Thursday
Zeeland,Domburg,Zomerweekmarkt Domburg,51.5632,3.4967,Monday
Zeeland,S Gravenpolder,S Gravenpolder,51.46,3.8983,Friday
Zeeland,Heinkenszand,Weekmarkt in Heinkenszand,51.4724,3.8169,Thursday
Zeeland,Kruiningen,Zaterdagmarkt Kruiningen: Verse Producten bij De Grote Verleiding,51.4488,4.0341,Saturday
Zeeland,Kortgene,Kortgene,51.5505,3.8112,Saturday
Zeeland,Kapelle,Dinsdagochtend Markt in Kapelle,51.488,3.9606,Tuesday
Zeeland,Middelburg,Middelburg,51.4997,3.6137,Thursday
Zeeland,Nieuw En Sint Joosland,Woensdagmarkt Nieuw- en Sint Joosland: Sfeervol Shoppen op het Kerkplein,51.4827,3.6574,Wednesday
Zeeland,Oostkapelle,Oostkapelle,51.5655,3.5522,Thursday
Zeeland,Oud Vossemeer,Oud Vossemeer,51.5669,4.1994,Thursday
Zeeland,Oostburg,Oostburg’s Weekmarkt: Woensdag Winkeldag op de Markt en Ledelplein,51.3272,3.4896,Wednesday
Zeeland,Poortvliet,Poortvliet,51.5511,4.1426,Tuesday
Zeeland,Renesse,Renesse,51.7317,3.7711,Wednesday
Zeeland,Scherpenisse,Scherpenisse,51.5498,4.1033,Tuesday
Zeeland,Stavenisse,Stavenisse,51.5862,4.0114,Wednesday
Zeeland,Sint Annaland,Sint Annaland,51.6045,4.1061,Thursday
Zeeland,Sint Philipsland,Sint Philipsland,51.616,4.1668,Friday
Zeeland,Sint Maartensdijk,Sint Maartensdijk,51.5548,4.0747,Friday
Zeeland,Sas Van Gent,Sas Van Gent,51.2291,3.8019,Tuesday
Zeeland,Sluis,Sluis,51.309,3.3859,Friday
Zeeland,Tholen,Tholen,51.5354,4.2233,Tuesday
Zeeland,Terneuzen,Terneuzen,51.3255,3.8403,Wednesday
Zeeland,Zuidpolder Terneuzen,Zuidpolder Terneuzen,51.3193,3.8468,Friday
Zeeland,Vrouwenpolder,Vrouwenpolder,52.1949,5.4321,Wednesday
Zeeland,Westkapelle,Zomerse Vrijdagmarkt in Westkapelle,51.5293,3.4408,Friday
Zeeland,Wemeldinge,Zaterdagmarkt Wemeldinge,51.5184,3.9951,Saturday
Zeeland,Zoutelande,Zoutelande,51.5047,3.4853,Tuesday
Zeeland,Zierikzee,Zierikzee,51.6498,3.9212,Thursday
Groningen,Bedum,Weekmarkt Bedum Kerkplein - Elke donderdagmiddag,53.300314,6.596187,Thursday
Groningen,Grootegast,Markt in Grootegast - Elke vrijdagochtend op de Hoofdstraat,53.216495,6.287447,Friday
Groningen,Hoogerheide,Markt in Hoogerheide: Beleef Lokale Traditie en Producten,51.424339,4.323838,Friday
Groningen,Haren,Weekmarkt Groningen Vinkhuizen - Elke donderdag,53.170984,6.606141,Thursday
Groningen,Leens,Weekmarkt Leens Gemeentehuis - Elke woensdagochtend,53.359925,6.3776,Wednesday
Groningen,Marum,Weekmarkt in Marum - Elke vrijdagmiddag op de Raadhuisstraat,53.145406,6.267511,Friday
Groningen,Nieuwe Pekela,Woensdagse Weekmarkt in Nieuwe Pekela - Ontdek de Kerkstraat,53.080166,6.965816,Wednesday
Groningen,Oude Pekela,Donderdagse Weekmarkt in Oude Pekela - Kom naar Winkelcentrum de Helling,53.107432,7.013857,Thursday
Groningen,Scheemda,Donderdagse Markt in Scheemda - Verse Producten en Meer,53.177619,6.971654,Thursday
Groningen,Ten Boer,Weekmarkt Groningen Grote Markt - Elke zondag markt,53.277315,6.695118,Sunday
Groningen,Ten Boer,Weekmarkt Groningen Overwinningsplein - Elke woensdagochtend,53.277315,6.695118,Wednesday
Groningen,Uithuizermeeden,Weekmarkt Uithuizermeeden - Elke zaterdagochtend,53.41594,6.725545,Saturday
Groningen,Vlagtwedde,Weekmarkt in Vlagtwedde - Elke vrijdagmiddag op de Ekkelkamp,53.026095,7.112234,Friday
Groningen,Woensdrecht,Weekmarkt in Woensdrecht - Elke woensdagochtend op de Markt,51.410669,4.327761,Wednesday
Groningen,Winschoten,Zaterdagse Markt in Winschoten - Verse Producten en Meer,53.143001,7.038072,Saturday
Groningen,Zundert,Markt in Zundert: Proef de Lokale Sfeer en Specialiteiten,51.485878,4.654246,Thursday
Groningen,Zuidhorn,Weekmarkt in Zuidhorn - Elke Vrijdagmiddag op Overtuinen,53.24391,6.408195,Friday
Friesland,Burgum,Vrijdagmarkt in Burgum - Verse markt en gratis parkeren,53.195481,5.987106,Friday
Friesland,Bolsward,Markt in Bolsward - Elke donderdagochtend op de appelmarkt,53.062018,5.522896,Thursday
Friesland,Drachten,Ontdek de Weekmarkt in Drachten - Verse Producten en Meer,53.109111,6.09481,Thursday/Saturday
Friesland,Dokkum,Beleef de Woensdagmarkt in Dokkum - Verse Producten en Meer,53.324351,5.999231,Wednesday
Friesland,Gytsjerk,Woensdagmarkt Tilburg - Verse producten op Besterdplein,53.242224,5.890482,Wednesday
Friesland,Gorredijk,Woensdagse Weekmarkt in Gorredijk - Verse Producten en Meer,53.005961,6.064163,Wednesday
Friesland,Hurdegaryp,Vrijdagmarkt Hurdegaryp - Verse geuren en smaken op de markt,53.214159,5.942167,Friday
Friesland,Ijlst,Weekmarkt in IJlst - Elke zaterdagochtend verse producten,53.010841,5.623757,Saturday
Friesland,Oosterwolde,Donderdagse Markt in Oosterwolde - Verse Producten en Meer,52.989195,6.291685,Thursday
Friesland,Surhuisterveen,Weekmarkt Surhuisterveen: Zaterdagse Sfeer en Kwaliteit,53.180268,6.170129,Saturday
Friesland,Veenwouden,"Markt in Veenwouden: Vers, Voordelig en Gezellig",53.23719,5.994437,Tuesday
Friesland,Workum,Weekmarkt in Workum - Elke donderdagmiddag op de Stedspôle,52.977472,5.442629,Thursday
Drenthe,Assen,Zaterdag markt in Geitenkamp Arnhem: beleef de lokale sfeer,52.997225,6.550646,Saturday
Drenthe,Annen,Dinsdagmarkt Annen: Gezelligheid en Diversiteit,53.056286,6.72757,Tuesday
Drenthe,Coevorden,Ontdek de Maandagmarkt in Coevorden: Een mooie ervaring,52.661228,6.740736,Monday
Drenthe,Emmen,Vlissingen's Zaterdagmarkt: Proef de Sfeer en Versheid,52.752866,6.952514,Saturday
Drenthe,Emmer Compascuum,Emmer Compascuum Zaterdagmarkt: Proef de Lokale Sfeer!,52.811532,7.046206,Saturday
Drenthe,Gieten,Geniet van de Gezelligheid op de Weekmarkt in Gieten!,53.003313,6.763846,Thursday
Drenthe,Havelte,Weekmarkt in Havelte - Woensdagochtend op het Piet Soerplein,52.771434,6.236168,Wednesday
Drenthe,Klazienaveen,"Klazienaveen Zaterdagmarkt: Vers, Voordelig & Gezellig!",52.725393,6.985207,Saturday
Drenthe,Nieuwlande Drenthe,Weekmarkt Nieuwlande Drenthe - Elke dinsdagochtend,52.697609,6.61018,Tuesday
Drenthe,Ruinerwold,Weekmarkt in Ruinerwold: elke woensdagmiddag een belevenis,52.721674,6.24598,Wednesday
Drenthe,Ruinen,Weekmarkt Delft op Dinsdag - Ontdek Lokale Producten,52.764154,6.360008,Tuesday
Overijssel,Albergen,Weekmarkt in Albergen - Verse producten elke vrijdagochtend,52.370845,6.763799,Friday
Overijssel,Almelo,De Rijp Markt in Alkmaar: Een Donderdag vol Traditie,52.356358,6.663622,Thursday
Overijssel,Almelo,Ontdek de Charme van Almere's Woensdagmarkt,52.356358,6.663622,Wednesday
Overijssel,Boekelo,Weekmarkt in Boekelo - Elke Vrijdagochtend in het Centrum,51.999873,5.671977,Friday
Overijssel,Bathmen,"Weekmarkt in Colmschate, Deventer - Elke donderdag",52.250161,6.284494,Thursday
Overijssel,Borne,Weekmarkt in Borne - Elke Woensdagmorgen Verse Keuzes,52.300434,6.754923,Wednesday
Overijssel,Delden,Weekmarkt Delden Ressingplein - Elke vrijdagmiddag,52.262649,6.713324,Friday
Overijssel,Diepenveen,Weekmarkt in Diepenveen - Elke donderdagmiddag,52.288115,6.145923,Thursday
Overijssel,Denekamp,Weekmarkt in Denekamp - Elke woensdagochtend verse waren,52.37435,7.004822,Wednesday
Overijssel,Dalfsen,Markt in Dalfsen: Jouw gids voor traditie en gezelligheid,52.511784,6.256637,Thursday
Overijssel,Enter,Weekmarkt in Enter - Elke zaterdagochtend op het Dorpsplein,52.295532,6.577842,Saturday
Overijssel,Enschede,Weekmarkten Enschede - Verse producten en gezelligheid,52.220985,6.894054,Tuesday/Thursday/Saturday/Sunday
Overijssel,Genemuiden,Dinsdagmarkt in Genemuiden: Een Middag Vol Ontdekkingen,52.622883,6.042431,Tuesday
Overijssel,Geesteren,Markt in Geesteren - Elke donderdagmiddag verse producten,52.421007,6.736245,Thursday
Overijssel,Hasselt,Weekmarkt Hasselt: Een Donderdagse Traditie,52.591495,6.095672,Thursday
Overijssel,Holten,Markt in Holten - Elke vrijdagmiddag verse producten & meer,52.281968,6.421644,Friday
Overijssel,Heino,Maandagse Weekmarkt in Heino - Ontdek het Marktplein,52.435795,6.2341,Monday
Overijssel,Heeten,Donderdagse Weekmarkt in Heeten - Bezoek het Dorpsplein,52.332462,6.280536,Thursday
Overijssel,Hellendoorn,Weekmarkt Hellendoorn Centrum - Elke donderdagochtend,52.390463,6.451511,Thursday
Overijssel,Hardenberg,Weekmarkt Hardenberg Markt - Elke Maandagochtend,52.576322,6.618571,Monday
Overijssel,Haaksbergen,Weekmarkt Haarlem Botermarkt - Elke Zaterdag,52.156458,6.740239,Saturday
Overijssel,Kampen,Weekmarkten in Kampen - Verse Producten en Meer Elke Week,52.555948,5.90333,Monday/Saturday
Overijssel,Losser,Weekmarkt & Boerenmarkt Losser - Divers & lokaal,52.262758,7.007792,Thursday/Saturday
Overijssel,Lonneker,Weekmarkt in Lonneker - Elke vrijdagmiddag in het centrum,52.250605,6.911735,Friday
Overijssel,Markelo,Weekmarkt Markelo Kerkplein - Elke donderdagochtend,52.235034,6.493561,Thursday
Overijssel,Nieuwleusen,Weekmarkt in Deventer - Elke dinsdag verse producten,52.583126,6.286441,Tuesday
Overijssel,Oldenzaal,Ontdek de Weekmarkten in Oldenzaal - Verse Producten en Meer,52.311662,6.924162,Monday/Saturday
Overijssel,Olst,Vrijdagse Markt in Olst - Verse Producten en Meer,52.337009,6.110796,Friday
Overijssel,Reutum,Weekmarkt in Reutum - Verse producten elke woensdagochtend,52.391015,6.845769,Wednesday
Overijssel,Rijssen,Weekmarkten in Rijssen – Elke week verse producten en meer,52.30725,6.523507,Saturday
Overijssel,Raalte,Weekmarkten in Raalte - Bezoek de Domineeskamp & Grote Markt,52.383877,6.274469,Wednesday
Overijssel,Staphorst,Weekmarkt in Staphorst - Divers aanbod elke woensdagochtend,52.636683,6.208035,Wednesday
Overijssel,Tubbergen,Weekmarkt in Tubbergen - Verse producten elke dinsdagochtend,52.407917,6.781228,Tuesday
Overijssel,Vroomshoop,Markt in Vroomshoop - Elke dinsdagochtend lokale producten,52.461055,6.571193,Tuesday
Overijssel,Wierden,Weekmarkt in Wierden - Elke dinsdagochtend op het Binnenhof,52.357453,6.590827,Tuesday
Overijssel,Wijhe,Dinsdagse Markt in Wijhe - Verse Producten en Meer,52.390021,6.135401,Tuesday
Overijssel,Zwartsluis,Dinsdagmarkt Oudeland Zwijndrecht: Lokale Producten en Sfeer,52.642545,6.072088,Tuesday
Gelderland,Aalten,Markt in Aalten: Een Ochtend van Traditie en Sfeer,51.914182,6.577399,Thursday
Gelderland,Boven Leeuwen,Weekmarkt in Boven-Leeuwen - Elke woensdagochtend markt,51.886319,5.543175,Wednesday
Gelderland,Buren,Ontdek de Zaterdagmarkt van Buren: Een Klein Juweel,51.929637,5.42,Saturday
Gelderland,Beuningen,Weekmarkt Beuningen: Ontmoetingsplek op het Julianaplein,51.858661,5.767357,Tuesday
Gelderland,Barneveld,Carnisselande Markt Barendrecht: elke woensdag weekmarkt,51.846347,4.497261,Wednesday
Gelderland,Culemborg,Markt in Culemborg - Ontdek de Streekmarkt en weekmarkt,51.95735,5.225304,Tuesday
Gelderland,Dodewaard,Proef de Sfeer op de Weekmarkt in Dodewaard!,51.914005,5.656939,Wednesday/Saturday
Gelderland,Elst,Donderdagse Weekmarkt in Elst - Geniet van de Gezelligheid,51.918791,5.845256,Thursday
Gelderland,Elburg,Weekmarkt Eindhoven Sint Gerardusplein - Elke vrijdagmiddag,51.420527,5.488004,Friday
Gelderland,Ede,Ontdek de Markten in Ede - Verse waren en gezellige sfeer,52.071683,5.745511,Monday/Thursday/Saturday
Gelderland,Geldermalsen,Weekmarkt in Geldermalsen - Elke Vrijdagochtend,51.882558,5.271479,Friday
Gelderland,Gendringen,Vrijdagse Weekmarkt in Gendringen - Verse Producten en Meer,51.872199,6.377779,Friday
Gelderland,Groenlo,Weekmarkt in Groenlo - Elke Vrijdagmiddag,52.04259,6.617041,Friday
Gelderland,Heteren,Vrijdagse Weekmarkt in Heteren - Bezoek De Beemdhof,51.955434,5.757321,Friday
Gelderland,Harderwijk,Harderwijk,52.335999,5.640271,Wednesday/Saturday
Gelderland,Heerde,Weekmarkt Heerde op de Bonenburgerlaan en het Kerkplein,52.40563,6.041398,Friday
Gelderland,Hengelo Gld,Levensmiddelenmarkt in Breda - Elke Zaterdag Fris en Lokaal,52.052275,6.311258,Saturday
Gelderland,Lichtenvoorde,Zaterdagse Markt in Lichtenvoorde - Verse Producten en Meer,51.987686,6.568057,Saturday
Gelderland,Lochem,Weekmarkten in Lochem - Verse (biologische) producten,52.171513,6.343658,Wednesday/Saturday
Gelderland,Malden,Weekmarkt Malden Kerkplein - Elke donderdagochtend,51.780835,5.851762,Thursday
Gelderland,Millingen Aan De Rijn,Weekmarkt Millingen aan de Rijn - Woensdagochtend markt,51.864278,6.045793,Wednesday
Gelderland,Oldebroek,Vrijdagse Markt in Oldebroek - Verse Producten en Meer,52.447116,5.897966,Friday
Gelderland,Ruurlo,Weekmarkt in Ruurlo - Vind Jouw Vrijdagse Favorieten,52.086095,6.449155,Friday
Gelderland,Silvolde,Donderdagse Weekmarkt in Silvolde - Verse Producten en Meer,51.913473,6.386857,Thursday
Gelderland,Tiel,"Ontdek de Weekmarkten in Tiel - Vers, Mode en Meer",51.887433,5.437268,Friday-Saturday
Gelderland,Terborg,Vrijdagse Weekmarkt in Terborg - Verse Producten en Meer,51.920697,6.3602,Friday
Gelderland,Ulft,Zaterdagse Weekmarkt in Ulft - Verse Producten en Meer,51.89061,6.3819,Saturday
Gelderland,Varsseveld,Vrijdagse Weekmarkt in Varsseveld - Ontdek Diverse Producten,51.943486,6.463716,Friday
Gelderland,Vorden,Ontdek de Charme van de Vrijdagse Weekmarkt in Vorden,52.104107,6.31261,Friday
Gelderland,Voorthuizen,De Zaterdagmarkt in Voorthuizen: gezelligheid en kwaliteit,52.187165,5.607199,Saturday
Gelderland,Warnsveld,Weekmarkt Zutphen: Ontdek Biologische en Lokale Producten,52.144341,6.226873,
Gelderland,Zaltbommel,Weekmarkt Zaltbommel: Ontdek Lokale Producten en Cultuur,51.782164,5.189827,Tuesday/Saturday
Gelderland,Zevenaar,Centrum Markt Zoetermeer: Zaterdagse Belevenis,51.927908,6.077526,Saturday
Gelderland,Zetten,Dinsdagse Weekmarkt in Zetten - Bezoek het Julianaplein,51.929518,5.712158,Tuesday
Gelderland,Zelhem,De Vrijdagmarkt in Zelhem: koop lokale producten,52.006848,6.35006,Friday
Flevoland,Biddinghuizen,Weekmarkt Biddinghuizen - Elke Woensdagmiddag op het Plein,52.455056,5.692615,Wednesday
Flevoland,Lelystad,Weekmarkten in Lelystad - Verse Producten en Meer,52.52015,5.481535,Tuesday/Saturday
Flevoland,Urk,"Weekmarkt in Hoograven, Utrecht - Elke dinsdag divers aanbod",52.692796,5.457617,Tuesday
Flevoland,Zeewolde,Weekmarkt Zeewolde: Gezelligheid en Verse Producten,52.331324,5.541949,Friday
Utrecht,Amerongen,Markt in Amerongen - Elke donderdagmiddag lokale producten,52.000487,5.460053,Thursday
Utrecht,Abcoude,Markt in Abcoude: gezelligheid en lekkernijen iedere week,52.270281,4.971043,Thursday
Utrecht,Bunschoten Spakenburg,Proef de Sfeer van de Zaterdagmarkt in Bunschoten-Spakenburg,52.245201,5.37316,Saturday
Utrecht,Baarn,Weekmarkt Barendrecht: Vrijdagse Gezelligheid en Aanbod,52.211118,5.293184,Friday
Utrecht,Driebergen Rijsenburg,Markt in Driebergen-Rijsenburg - Woensdagse verse producten,52.053287,5.286238,Wednesday
Utrecht,Doorn,Weekmarkt in Doorn - Elke donderdagochtend verse producten,52.038275,5.340184,Thursday
Utrecht,Hoogland,Wijkmarkt Kattenbroek Amersfoort: Een Donderdagmarkt.,52.187247,5.376222,Thursday
Utrecht,Lexmond,Weekmarkt in Lexmond - Elke Vrijdagochtend op het Dorpsplein,51.963162,5.036432,Friday
Utrecht,Leersum,Weekmarkt in Leersum - Elke vrijdagochtend verse producten,52.0109,5.433613,Friday
Utrecht,Loenen Aan De Vecht,Markt in Loenen aan de Vecht - Elke dinsdagochtend vers!,52.210144,5.023604,Tuesday
Utrecht,Maarn,Stoffen- en Textielmarkt in Utrecht - Elke zaterdag markt,52.064459,5.37172,Saturday
Utrecht,Nieuwegein,Ontdek de Weekmarkten in Nieuwegein - Verse producten & meer,52.036715,5.083612,Saturday
Utrecht,Overberg,Weekmarkt in Overberg - Elke vrijdagmiddag verse producten,52.03407,5.512854,Friday
Utrecht,Oudewater,Woensdagse Weekmarkt in Oudewater - Ontdek de Gezelligheid,52.022606,4.87013,Wednesday
Utrecht,Odijk,Dagelijkse Standplaatsen in Odijk - Mini-Markt op De Meent,52.050607,5.232825,Wednesday
Utrecht,Veenendaal,Veenendaal,52.026989,5.55732,Tuesday/Friday/Saturday
Utrecht,Vleuten,"Weekmarkt in Hoograven, Utrecht - Elke dinsdag divers aanbod",52.107355,5.013522,Tuesday
Utrecht,Vleuten,"Weekmarkt in Ondiep, Utrecht - Elke woensdag verse producten",52.107355,5.013522,Wednesday
Utrecht,Werkhoven,Mini-Markt Werkhoven: Standplaatsen met verse producten,52.024045,5.245311,Tuesday/Friday/Saturday
Utrecht,Zeist,Marktdagen in Zeist: Ontdek Unieke Producten en Lokale Smaken,52.089283,5.227631,Thursday/Saturday
Noord-Brabant,Asten,Marktbezoek in Asten: Elke Oneven Week op Woensdagochtend,51.386903,5.791447,Wednesday
Noord-Brabant,Alphen,Weekmarkt Alphen: Woensdagse Ontmoeting en Traditie,51.482919,4.95531,Wednesday
Noord-Brabant,Andel,Vrijdagmarkt in Andel - Lokale Producten op de markt,51.783652,5.053914,Friday
Noord-Brabant,Berlicum,Weekmarkt in Berlicum - Verse producten elke woensdagochtend,51.679281,5.398445,Wednesday
Noord-Brabant,Berghem,Donderdagse Weekmarkt in Berghem - Verse Producten en Meer,51.77096,5.572193,Thursday
Noord-Brabant,Brandevoort,Biologische Markt Brandevoort De Veste - Elke vrijdagmiddag,51.462733,5.61224,Friday
Noord-Brabant,Budel,Ontdek de Maandagmarkt in Budel: Start je week goed,51.274471,5.57449,Monday
Noord-Brabant,Bavel,Bezoek de markt van Hoge Vucht in Breda - op donderdag,51.565682,4.8297,Thursday
Noord-Brabant,Bladel,Weekmarkt in Bladel - Elke Woensdagmiddag Genieten,51.371211,5.234631,Wednesday
Noord-Brabant,Bergen Op Zoom,Verken de Levendige Donderdagmarkt in Bergen op Zoom,51.494476,4.287154,Thursday
Noord-Brabant,Bergeijk,Ontdek de Charme van de Bergeijkse Markt elke dinsdagmiddag,51.32115,5.356943,Tuesday
Noord-Brabant,Baarle Nassau,"Weekmarkt in Baarle-Nassau - Tijden, Locatie, Tips",51.43747,4.873075,Tuesday
Noord-Brabant,Casteren,Ontdek de gezellige markt van Casteren: een top beleving!,51.396422,5.238162,Wednesday
Noord-Brabant,S Hertogenbosch,Weekmarkten in Den Bosch - Vind elke dag verse waren,51.688939,5.303116,Wednesday
Noord-Brabant,Drunen,Weekmarkt Drunen Raadhuisplein - Elke vrijdagochtend,51.686314,5.130916,Friday
Noord-Brabant,Deurne,Weekmarkt in Ypenburg (Den Haag) - Elke Vrijdag,51.428329,5.827965,Friday
Noord-Brabant,Dussen,Weekmarkt in Dussen: Iedere donderdagochtend.,51.730798,4.962376,Thursday
Noord-Brabant,Geffen,Woensdagse Weekmarkt in Geffen - Verse Producten en Meer,51.74096,5.461827,Wednesday
Noord-Brabant,Gilze,Weekmarkt Gilze op het Wilhelminaplein en Stationsstraat,51.541653,4.944386,Thursday
Noord-Brabant,Giessen,Dinsdagmarkt in Giessen - Traditioneel en Gezellig,51.789642,5.028967,Tuesday
Noord-Brabant,Heerle,Binnenrotte Markt Rotterdam - Elke week vers & divers,51.518798,4.362045,Tuesday
Noord-Brabant,Herpen,Vrijdagse Weekmarkt in Herpen - Verse Producten en Meer,51.772616,5.642961,Friday
Noord-Brabant,Heeze,Weekmarkt Heeze Jan Deckersstraat - Elke donderdagochtend,51.377087,5.577871,Thursday
Noord-Brabant,Helmond,Helmond,51.488251,5.686795,Wednesday/Saturday
Noord-Brabant,Hapert,"Weekmarkt in Hapert - Verse Vis, Groenten, Fruit en Zuivel",51.370964,5.251877,Tuesday
Noord-Brabant,Hoogeloon,Beleef de sfeervolle markt in Hoogeloon - Iedere week weer.,51.39703,5.268363,Wednesday
Noord-Brabant,Heesch,Weekmarkt in Heesch - Gezelligheid Elke Woensdagmiddag,51.734338,5.523116,Wednesday
Noord-Brabant,Heeswijk Dinther,Weekmarkt Heeswijk-Dinther: Proef de Lokale Sfeer,51.649385,5.473986,Friday
Noord-Brabant,Hank,Weekmarkt Hank: Donderdagmiddag Plezier op de Kerkstraat,51.734025,4.894047,Thursday
Noord-Brabant,Lith,Vrijdagse Weekmarkt in Lith - Verse Producten en Meer,51.806834,5.440324,Friday
Noord-Brabant,Liempde,Beleef de levendige dinsdagmarkt in Breda op de Grote Markt,51.570535,5.371322,Tuesday
Noord-Brabant,Mierlo Hout,Weekmarkt Mierlo-Hout Winkelcentrum Houtvoort - Compact!,51.467067,5.634656,Tuesday
Noord-Brabant,Nuenen,Maandagse Markt in Nuenen - Verse Producten en Meer,51.48603,5.544007,Monday
Noord-Brabant,Oss,Weekmarkten in Oss - Verse Producten en Meer,51.778354,5.532084,Saturday
Noord-Brabant,Oudenbosch,Weekmarkt Oudenbosch Julianalaan - Elke dinsdagmiddag,51.590676,4.528592,Tuesday
Noord-Brabant,Oud Gastel,Weekmarkt Oud Gastel - Elke donderdagmiddag,51.587647,4.45997,Thursday
Noord-Brabant,Prinsenbeek,Zaterdagse markt in Breda op het Dr. Jan Ingenhouszplein,51.600346,4.718556,Saturday
Noord-Brabant,Rijsbergen,Zaterdagmarkt Zutphen: Traditie en Gezelligheid,51.515888,4.700545,Saturday
Noord-Brabant,Ravenstein,Vrijdagse Weekmarkt in Ravenstein - Verse Producten en Meer,51.797005,5.651552,Friday
Noord-Brabant,Someren,Weekmarkt in Someren - Elke Twee Weken Verse Producten,51.386117,5.713388,Wednesday
Noord-Brabant,Son En Breugel,Weekmarkt in Son en Breugel - Geniet van verse producten,51.511499,5.492319,Thursday
Noord-Brabant,Steenbergen,Weekmarkt in Steenbergen - Gezelligheid elke woensdagmiddag,51.56884,4.40771,Wednesday
Noord-Brabant,Sint Michielsgestel,Markt Sint-Michielsgestel - Ontdek lokale producten,51.638375,5.350915,Friday
Noord-Brabant,St Willebrord,Zondagsmarkt Rotterdam Centrum - Seizoensgebonden Plezier,51.551033,4.590786,Sunday
Noord-Brabant,Sleeuwijk,Dinsdagmarkt Sleeuwijk - Een ochtend vol ontdekkingen,51.812961,4.944959,Tuesday
Noord-Brabant,Teteringen,Markt in Breda centrum - Gezelligheid elke Vrijdag,51.610372,4.821486,Friday
Noord-Brabant,Udenhout,Weekmarkt in Udenhout - Verse producten elke dinsdagochtend,51.609737,5.142203,Tuesday
Noord-Brabant,Uden,Uden,51.663775,5.611883,Monday/Friday
Noord-Brabant,Ulvenhout,Markt in Breda centrum - Gezelligheid elke Vrijdag,51.548834,4.797723,Friday
Noord-Brabant,Waalwijk,Weekmarkt in Waalwijk - Elke Woensdagmiddag in het Centrum,51.690648,5.068332,Wednesday
Noord-Brabant,Waspik,Weekmarkt in Waspik - Elke woensdagochtend op het Dorpsplein,51.687828,4.946269,Wednesday
Noord-Brabant,Werkendam,Weekmarkt in Werkendam: Zaterdags aan de Gedempte Haven,51.814787,4.89431,Saturday
Noord-Brabant,Wijk En Aalburg,Dinsdagmiddagmarkt in Wijk en Aalburg - Lokaal & leuk!,51.756427,5.128269,Tuesday
Zuid-Holland,Alphen Aan Den Rijn,Zaterdagmarkt in Almere: Ervaar de Diversiteit!,52.113069,4.640806,Saturday
Zuid-Holland,Alblasserdam,Alblasserdam Markt: Start Je Week met Lokale Producten,51.859952,4.666202,Monday
Zuid-Holland,Boven Hardinxveld,Weekmarkt Boven-Hardinxveld aan de Prinses Irenestraat,51.825808,4.879245,Friday
Zuid-Holland,Capelle Aan Den Ijssel,Beleef de Donderdagmarkt in Capelle aan den IJssel,51.935854,4.589461,Thursday
Zuid-Holland,Dirksland,Weekmarkt Dirksland Geldersedijk - Elke zaterdagochtend,51.747096,4.105497,Saturday
Zuid-Holland,Dordrecht,Weekmarkten in Dordrecht - Ontdek ze in Dubbeldam en Centrum,51.794096,4.704232,Tuesday
Zuid-Holland,S Gravendeel,Weekmarkt 's-Gravendeel 't Weegje - Elke zaterdagochtend,51.776572,4.616399,Saturday
Zuid-Holland,Gouda,"Markt Groningen Grote Markt, Vismarkt, A-Kerkhof",52.011492,4.710609,Tuesday/Friday/Saturday
Zuid-Holland,Hellevoetsluis,Markt in Hellevoetsluis - Zaterdags op het Woordbouwerplein,51.829421,4.141154,Saturday
Zuid-Holland,Hoek Van Holland,Eendrachtsplein Biologische Markt Rotterdam - Elke dinsdag,51.977162,4.131453,Tuesday
Zuid-Holland,Hoek Van Holland,"Markt Ommoord Rotterdam, boodschappen bestemming op woensdag",51.977162,4.131453,Wednesday
Zuid-Holland,Hoogvliet,Markt IJsselmonde Rotterdam - Verse boodschappen donderdag,51.865285,4.364111,Thursday
Zuid-Holland,Hendrik Ido Ambacht,Weekmarkten Hendrik-Ido-Ambacht - Met lokale producten,51.84665,4.63428,Wednesday/Saturday
Zuid-Holland,Hazerswoude Dorp,Weekmarkt Hazerswoude-Dorp: De Vrijdagse Traditie,52.096266,4.59151,Friday
Zuid-Holland,Krimpen Aan Den Ijssel,Weekmarkten Krimpen aan den IJssel - Vers en gezellig!,51.916698,4.60837,Tuesday/Saturday
Zuid-Holland,Monster,Weekmarkt in Monster - Elke dinsdagmiddag in de Molenstraat,52.023744,4.172342,Tuesday
Zuid-Holland,Maasland,Weekmarkten Maasland - Divers aanbod op de markt,51.937203,4.269957,Thursday
Zuid-Holland,Pijnacker Nootdorp,Woensdagse Weekmarkt in Pijnacker-Nootdorp,52.018967,4.43183,Wednesday
Zuid-Holland,Oegstgeest,Dinsdagse Markt in Oegstgeest - Verse Producten en Meer,52.185433,4.473886,Tuesday
Zuid-Holland,Ouderkerk Aan Den Ijssel,Zaterdagmarkt Ouderkerk aan den IJssel: Vol verse producten,51.934451,4.635815,Saturday
Zuid-Holland,Ouddorp,Weekmarkt Ouddorp - Ontdek de markt het hele jaar door,51.80931,3.93592,Tuesday
Zuid-Holland,Papendrecht,Dinsdagse Weekmarkt in Papendrecht - Bezoek het Centrumgebied,51.83487,4.693729,Tuesday
Zuid-Holland,Puttershoek,Weekmarkt Puttershoek Oranjeplein - Elke woensdagochtend,51.806348,4.569167,Wednesday
Zuid-Holland,Poortugaal,Alkmaar Zaterdagmarkt: Een Mix van Cultuur en Gezelligheid,51.857753,4.39141,Saturday
Zuid-Holland,Rozenburg,"Markt Ommoord Rotterdam, boodschappen bestemming op woensdag",51.905645,4.241547,Wednesday
Zuid-Holland,Rijswijk,Markten Rijswijk - Do op Bogaardplein & Za in Oud Rijswijk,52.035542,4.315598,Thursday
Zuid-Holland,Spijkenisse,Weekmarkt Nijmegen Lent Vrijdag - Vol markt specialiteiten,51.846488,4.328768,Friday
Zuid-Holland,Strijen,Weekmarkt Strijen Stockholmplein - Elke donderdagochtend,51.74265,4.557382,Thursday
Zuid-Holland,Vlaardingen,Beleef Vrijdagmarkt in Vlissingen: Markt vol verassingen!,51.909754,4.340264,Friday
Zuid-Holland,Zoeterwoude,Rokkeveen Markt Zoetermeer: Vrijdagse Verrassingen,52.113878,4.505185,Friday
Noord-Holland,Amstelveen,Zuidas Markt Amsterdam: Donderdags op George Gershwinplein,52.302821,4.859684,Thursday
Noord-Holland,Aalsmeer,Markt in Aalsmeer: Ervaar de Dinsdagmarkt op het Praamplein!,52.266944,4.749338,Tuesday
Noord-Holland,Badhoevedorp,Weekmarkt Haarlem Zomerkade - Elke Vrijdag,52.33888,4.78447,Friday
Noord-Holland,Bergen Noord Holland,Beleef de Zaterdagmarkt in Bergen (Noord-Holland),52.670228,4.701162,Saturday
Noord-Holland,Beverwijk,Weekmarkten in Beverwijk - Van Traditioneel tot Bazaar,52.483628,4.660751,Wednesday
Noord-Holland,Castricum,De Vrijdagmarkt in Castricum: Een Dag Vol Levendigheid,52.549674,4.669619,Friday
Noord-Holland,Enkhuizen,Weekmarkt Enkhuizen Westerstraat - Verse producten,52.703885,5.289974,Wednesday
Noord-Holland,Hoorn,Hoorn,52.652563,5.085987,Tuesday/Wednesday/Saturday
Noord-Holland,Hoorn,gezellige markt met een divers aanbod in een levendige wijk. Woensdagmarkt in de Risdam,52.653272,5.07358,Wednesday/Saturday
Noord-Holland,Hoorn,intieme markt perfect voor uw wekelijkse boodschappen. Zaterdagmarkt in de Binnenstad van Hoorn,52.653272,5.07358,Saturday
Noord-Holland,Huizen,Weekmarkt Huizen - Gezelligheid en kwaliteitsproducten,52.296484,5.240582,Saturday
Noord-Holland,Hoofddorp,"Weekmarkten in Hoofddorp - Floriande, Overbos, en Toolenburg",52.307052,4.638291,Saturday
Noord-Holland,Middenbeemster,Vrijdagse Weekmarkt in Middenbeemster - Ontdek de Dorpsstraat,52.548916,4.914623,Friday
Noord-Holland,Middenmeer,Weekmarkt Middenmeer Havenstraat - Elke woensdagochtend,52.811074,4.991664,Wednesday
Noord-Holland,Ouder Amstel,(Mini) Markten in Ouder-Amstel - Dagelijkse Variatie,52.294668,4.916469,Monday-Sunday
Noord-Holland,Oostzaan,Weekmarkten in Oostzaan - Verse Producten en Meer,52.438767,4.875362,Friday
Noord-Holland,Opmeer Spanbroek,Dinsdagse Markt in Opmeer (Spanbroek) - Verse Producten,52.702252,4.947656,Tuesday
Noord-Holland,Purmerend,Markten in Purmerend - Wekelijks verse producten en lokaal,52.502479,4.961483,Saturday
Noord-Holland,Uitgeest,Markt in Uitgeest - Elke donderdagochtend verse producten,52.526783,4.704341,Thursday
Noord-Holland,Wormer Wormerland,Weekmarkt in Wormer (Wormerland) - Elke vrijdagochtend,52.498327,4.812385,Friday
Noord-Holland,Weesp,Ontdek de Markt Bos en Lommerweg in Amsterdam: Wo & Za,52.307259,5.042082,Wednesday/Saturday
Noord-Holland,Weesp,Ontdek de Dagelijkse Markt van Nieuwmarkt in Amsterdam,52.307259,5.042082,
Noord-Holland,Zandvoort,Weekmarkt Zandvoort: Woensdagse Gezelligheid en Versheid,52.359522,4.535026,Wednesday
Limburg,Born,Weekmarkt in Born - Elke woensdagochtend verse waren,51.031413,5.808377,Wednesday
Limburg,Baarlo,Vrijdagse Weekmarkt in Baarlo - Bezoek het Marktplein,51.331955,6.096725,Friday
Limburg,Brunssum,Ontdek Lokale Schatten op de Weekmarkt Bunnik!,50.943111,5.970567,Monday-Saturday
Limburg,Beek,Weekmarkt in Beek - Elke Woensdagochtend op de Markt,50.926877,5.810685,Wednesday
Limburg,Epen,Weekmarkt Epen bij het Patronaat - Elke vrijdagochtend,50.776671,5.912373,Friday
Limburg,Echt,Weekmarkt Echt - Elke Woensdagmiddag verse producten,51.107302,5.871976,Wednesday
Limburg,Grevenbicht,Weekmarkt Grevenbicht - Verse producten en gezelligheid,51.040747,5.772761,Tuesday
Limburg,Geleen,Markten in Geleen - Ontdek mooie vondsten en verse producten,50.969995,5.826703,Thursday/Saturday
Limburg,Gulpen,Weekmarkt Gulpen Centrum - Beste Markt van Nederland,50.813988,5.889958,Thursday
Limburg,Gennep,Weekmarkten in Gennep - Ontdek versheid en variëteit,51.695084,5.973455,Tuesday/Saturday
Limburg,Heerlen,"Markten in Heerlen - Verse producten en meer, op di & za",50.877524,5.981507,Tuesday
Limburg,Hoensbroek,Weekmarkt Hoensbroek Markt - Elke vrijdagochtend,50.92394,5.929386,Friday
Limburg,Kessel,Vrijdagse Weekmarkt in Kessel - Bezoek de Markt,51.291248,6.05734,Friday
Limburg,Maasbree,Vrijdagse Weekmarkt in Maasbree - Bezoek het Kennedyplein,51.357139,6.047916,Friday
Limburg,Meijel,Donderdagse Avondmarkt in Meijel - Kom naar het Alexanderplein,51.343398,5.888053,Thursday
Limburg,Maastricht,Weekmarkten Maastricht - Divers & Levendig,50.851244,5.690977,Wednesday/Friday
Limburg,Margraten,Feel Good Market Eindhoven - Elke derde zondag,50.820156,5.821663,Sunday
Limburg,Nieuwenhagen,Markt in Nieuwenhagen: Waar gezelligheid en sfeer samenkomen,50.905361,6.024337,Thursday
Limburg,Nuth,Vrijdagmarkt Nuth - Diverse Kramen en Gezelligheid,50.917189,5.883825,Friday
Limburg,Offenbeek,Weekmarkt Offenbeek - Smakelijke ontdekkingen elke week,51.28573,6.094484,Wednesday-Saturday
Limburg,Reuver,Gezellige Weekmarkt in Reuver Elke Vrijdagmiddag,51.283932,6.077974,Friday
Limburg,Stramproy,Markt in Stramproy - Elke woensdagmiddag op het Kerkplein,51.193005,5.723511,Wednesday
Limburg,Stein,Weekmarkt in Stein - Ontspannen winkelen elke woensdagmiddag,50.968343,5.767276,Wednesday
Limburg,Voerendaal,Beleef Vrijdagmarkt in Vlissingen: Markt vol verassingen!,50.872259,5.913756,Friday
Limburg,Vaals,Weekmarkt in Vaals - Elke dinsdagochtend verse producten,50.771003,6.019227,Tuesday
Limburg,Vlodrop,Weekmarkt in Vlodrop - Zaterdagse Lokale Specialiteiten,51.132063,6.077891,Saturday
Zeeland,Cadzand Bad,Markten in Cadzand-Bad - Speciale Seizoensmarkten in Zomer,51.377181,3.388391,Monday
Zeeland,Goes,"Markt in Goes: Gewoon lekker vers, lekker lokaal & meer!",51.503103,3.88976,Tuesday/Saturday
Zeeland,Hulst,Weekmarkten in Hulst - Diversiteit en gezelligheid elke week,51.27971,4.053524,Monday
Zeeland,Ijzendijke,Weekmarkt in IJzendijke - Sfeervolle zaterdagen,51.32216,3.616335,Saturday
Zeeland,Kloosterzande,"Weekmarkt Kloosterzande - Verse groenten, fruit, kaas en vis",51.368151,4.016238,Wednesday
Zeeland,Sint Jansteen,Weekmarkt Sint Jansteen - Zaterdagochtend kaas en meer,51.26203,4.052028,Saturday
Zeeland,Vogelwaarde,Woensdagmarkt in Vogelwaarde - Lokale kaas en meer,51.324919,3.972336,Wednesday
Zeeland,Yerseke,Vrijdagse Weekmarkt in Yerseke - Ontdek het Kerkplein,51.492456,4.049914,Friday
